Workbook

Sheet Risk Brainstorming
C1: BrainStorming
A3: Department | B3: Key elements | C3: Construction processes / Factors | D3: Identified Risks | E3: Current Risk Management methods | F3: Proposed Risk Management methods
A5: Project Management | B5: Planning & scheduling | C5: Project timeline, Sequencing of activities | D5: Schedule delays due to poor planning or coordination | E5: Baseline schedule, Weekly progress meetings | F5: Use Primavera/MS Project with critical path analysis, look-ahead planning (3–6 weeks)
B6: Cost Control | C6: Budgeting, Cash flow | D6: Cost overrun due to inaccurate BOQ or price escalation | E6: Initial cost estimate, approval workflow | F6: Detailed cost breakdown (CBS), contingency reserves, periodic cost variance analysis
A8: Site Operations | B8: Excavation & Earthworks | C8: Soil conditions | D8: Collapse of excavation sides | E8: Basic shoring and supervision | F8: Geotechnical investigation, engineered shoring systems
B9: Concrete Works | C9: Mixing, pouring, Curing | D9: Poor concrete quality | E9: Site supervision, cube testing | F9: Automated batching control, curing procedures & checklists

Sheet Risk Assesment(Planning&schedu)
E1: Severity Of Risk
C2: Key elements | D2: Risk | E2: 1 | F2: 2 | G2: 3 | H2: 4 | I2: 5 | J2: Number of occuraneces | K2: Likelihood
A3: M1 | B3: Week 1 | C3: Planning & scheduling | D3: Schedule delays due to poor planning or coordination | J3: 5 | K3: {=J3/J$15} -> 0.067567568
B4: Week 2 | J4: 7 | K4: {=J4/J$15} -> 0.094594595
B5: Week 3 | J5: 6 | K5: {=J5/J$15} -> 0.081081081
B6: Week 4 | J6: 3 | K6: {=J6/J$15} -> 0.040540541
A7: M2 | B7: Week 1 | J7: 4 | K7: {=J7/J$15} -> 0.054054054
B8: Week 2 | J8: 2 | K8: {=J8/J$15} -> 0.027027027
B9: Week 3 | J9: 2 | K9: {=J9/J$15} -> 0.027027027
B10: Week 4 | J10: 10 | K10: {=J10/J$15} -> 0.13513514
A11: M3 | B11: Week 1 | J11: 9 | K11: {=J11/J$15} -> 0.12162162
B12: Week 2 | J12: 10 | K12: {=J12/J$15} -> 0.13513514
B13: Week 3 | J13: 7 | K13: {=J13/J$15} -> 0.094594595
B14: Week 4 | J14: 9 | K14: {=J14/J$15} -> 0.12162162
J15: {=SUM(J3:J14)} -> 74 | K15: {=AVEDEV(K3:K14)} -> 0.033783784

Sheet Weibull(Planning & Schedule)
C7: X | D7: Step1 | E7: Step2 | F7: Step3
B8: Weeks | C8: Number of occurances | D8: Rank | E8: X-axis | F8: Y-axis | I8: Excel Weibull function
A9: M1 | B9: Week1 | C9: 5 | D9: {=RANK(C9,C$9:C$20,1)} -> 5 | E9: {=LN(LN(1/(1-((D9-0.3)/(12+0.4)))))} -> -0.74133762 | F9: {=LN(C9)} -> 1.6094379 | I9: Weibull Slope α | J9: {=1/SLOPE(F9:F20,E9:E20)} -> 2.0492656 | K9: Step4 | N9: Exponential
B10: Week2 | C10: 7 | D10: {=RANK(C10,C$9:C$20,1)} -> 7 | E10: {=LN(LN(1/(1-((D10-0.3)/(12+0.4)))))} -> -0.25201858 | F10: {=LN(C10)} -> 1.9459101 | I10: β | J10: {=EXP(INTERCEPT(F9:F20,E9:E20))} -> 7.4640173 | K10: Step5 | M10: Mean (average) | N10: EXPONDIST()
B11: Week3 | C11: 6 | D11: {=RANK(C11,C$9:C$20,1)} -> 6 | E11: {=LN(LN(1/(1-((D11-0.3)/(12+0.4)))))} -> -0.48517583 | F11: {=LN(C11)} -> 1.7917595 | I11: Weibull, CDF | J11: 0.83813814 | K11: Step6 | M11: {=AVERAGE(C9:C20)} -> 6.1666667 | N11: {=EXPONDIST(C18,1/M11,1)} -> 0.80242196
B12: Week4 | C12: 3 | D12: {=RANK(C12,C$9:C$20,1)} -> 3 | E12: {=LN(LN(1/(1-((D12-0.3)/(12+0.4)))))} -> -1.4041708 | F12: {=LN(C12)} -> 1.0986123
A13: M2 | B13: Week1 | C13: 4 | D13: {=RANK(C13,C$9:C$20,1)} -> 4 | E13: {=LN(LN(1/(1-((D13-0.3)/(12+0.4)))))} -> -1.037404 | F13: {=LN(C13)} -> 1.3862944
B14: Week2 | C14: 2 | D14: {=RANK(C14,C$9:C$20,1)} -> 1 | E14: {=LN(LN(1/(1-((D14-0.3)/(12+0.4)))))} -> -2.8454583 | F14: {=LN(C14)} -> 0.69314718 | I14: Weibull (CDF) defines the cumulative percentage of price that will occur at time t
B15: Week3 | C15: 2 | D15: {=RANK(C15,C$9:C$20,1)} -> 1 | E15: {=LN(LN(1/(1-((D15-0.3)/(12+0.4)))))} -> -2.8454583 | F15: {=LN(C15)} -> 0.69314718
B16: Week4 | C16: 10 | D16: {=RANK(C16,C$9:C$20,1)} -> 11 | E16: {=LN(LN(1/(1-((D16-0.3)/(12+0.4)))))} -> 0.6866603 | F16: {=LN(C16)} -> 2.3025851
A17: M3 | B17: Week1 | C17: 9 | D17: {=RANK(C17,C$9:C$20,1)} -> 9 | E17: {=LN(LN(1/(1-((D17-0.3)/(12+0.4)))))} -> 0.19009431 | F17: {=LN(C17)} -> 2.1972246
B18: Week2 | C18: 10 | D18: {=RANK(C18,C$9:C$20,1)} -> 11 | E18: {=LN(LN(1/(1-((D18-0.3)/(12+0.4)))))} -> 0.6866603 | F18: {=LN(C18)} -> 2.3025851
B19: Week3 | C19: 7 | D19: {=RANK(C19,C$9:C$20,1)} -> 7 | E19: {=LN(LN(1/(1-((D19-0.3)/(12+0.4)))))} -> -0.25201858 | F19: {=LN(C19)} -> 1.9459101
B20: Week4 | C20: 9 | D20: {=RANK(C20,C$9:C$20,1)} -> 9 | E20: {=LN(LN(1/(1-((D20-0.3)/(12+0.4)))))} -> 0.19009431 | F20: {=LN(C20)} -> 2.1972246
B21: EXPECTED | C21: {=C23} -> 10.030953
B23: Expected Number of occurances using Weibull | C23: {=EXP(((LN(-LN(1-84%)))/(J9))+(LN(J10)))} -> 10.030953
B24: Expected Number of occurances using Exponential | C24: {=LN(1-75%)/(-1/M11)} -> 8.5488152
B26: Standard Deviation | C26: {=STDEVP(C9:C20)} -> 2.8528738
B27: Action Limit (99%) | C27: {=C23+(NORMSDIST(0.99)*(C26/SQRT(12)))} -> 10.721842
B28: Normal Limit (99%) | C28: {=C23-(NORMSDIST(0.99)*(C26/SQRT(12)))} -> 9.3400627

Sheet Risk Assesment(Cost Control)
E1: Severity Of Risk
C2: Key elements | D2: Risk | E2: 1 | F2: 2 | G2: 3 | H2: 4 | I2: 5 | J2: Number of occuraneces | K2: Likelihood
A3: M1 | B3: Week 1 | C3: Cost Control | D3: Cost overrun due to inaccurate BOQ or price escalation | J3: 11 | K3: {=J3/J$15} -> 0.12087912
B4: Week 2 | J4: 8 | K4: {=J4/J$15} -> 0.087912088
B5: Week 3 | J5: 6 | K5: {=J5/J$15} -> 0.065934066
B6: Week 4 | J6: 11 | K6: {=J6/J$15} -> 0.12087912
A7: M2 | B7: Week 1 | J7: 9 | K7: {=J7/J$15} -> 0.098901099
B8: Week 2 | J8: 4 | K8: {=J8/J$15} -> 0.043956044
B9: Week 3 | J9: 6 | K9: {=J9/J$15} -> 0.065934066
B10: Week 4 | J10: 7 | K10: {=J10/J$15} -> 0.076923077
A11: M3 | B11: Week 1 | J11: 8 | K11: {=J11/J$15} -> 0.087912088
B12: Week 2 | J12: 3 | K12: {=J12/J$15} -> 0.032967033
B13: Week 3 | J13: 7 | K13: {=J13/J$15} -> 0.076923077
B14: Week 4 | J14: 11 | K14: {=J14/J$15} -> 0.12087912
J15: {=SUM(J3:J14)} -> 91 | K15: {=AVEDEV(K3:K14)} -> 0.022893773

Sheet Weibull(Cost Control)
C7: X | D7: Step1 | E7: Step2 | F7: Step3
B8: Weeks | C8: Number of occurances | D8: Rank | E8: X-axis | F8: Y-axis | I8: Excel Weibull function
A9: M1 | B9: Week1 | C9: 11 | D9: {=RANK(C9,C$9:C$20,1)} -> 10 | E9: {=LN(LN(1/(1-((D9-0.3)/(12+0.4)))))} -> 0.42163021 | F9: {=LN(C9)} -> 2.3978953 | I9: Weibull Slope α | J9: {=1/SLOPE(F9:F20,E9:E20)} -> 2.6303052 | K9: Step4 | N9: Exponential
B10: Week2 | C10: 8 | D10: {=RANK(C10,C$9:C$20,1)} -> 7 | E10: {=LN(LN(1/(1-((D10-0.3)/(12+0.4)))))} -> -0.25201858 | F10: {=LN(C10)} -> 2.0794415 | I10: β | J10: {=EXP(INTERCEPT(F9:F20,E9:E20))} -> 9.1686223 | K10: Step5 | M10: Mean (average) | N10: EXPONDIST()
B11: Week3 | C11: 6 | D11: {=RANK(C11,C$9:C$20,1)} -> 3 | E11: {=LN(LN(1/(1-((D11-0.3)/(12+0.4)))))} -> -1.4041708 | F11: {=LN(C11)} -> 1.7917595 | I11: Weibull, CDF | J11: 0.8010018 | K11: Step6 | M11: {=AVERAGE(C9:C20)} -> 7.5833333 | N11: {=EXPONDIST(C20,1/M11,1)} -> 0.76555856
B12: Week4 | C12: 11 | D12: {=RANK(C12,C$9:C$20,1)} -> 10 | E12: {=LN(LN(1/(1-((D12-0.3)/(12+0.4)))))} -> 0.42163021 | F12: {=LN(C12)} -> 2.3978953
A13: M2 | B13: Week1 | C13: 9 | D13: {=RANK(C13,C$9:C$20,1)} -> 9 | E13: {=LN(LN(1/(1-((D13-0.3)/(12+0.4)))))} -> 0.19009431 | F13: {=LN(C13)} -> 2.1972246
B14: Week2 | C14: 4 | D14: {=RANK(C14,C$9:C$20,1)} -> 2 | E14: {=LN(LN(1/(1-((D14-0.3)/(12+0.4)))))} -> -1.9142476 | F14: {=LN(C14)} -> 1.3862944 | I14: Weibull (CDF) defines the cumulative percentage of price that will occur at time t
B15: Week3 | C15: 6 | D15: {=RANK(C15,C$9:C$20,1)} -> 3 | E15: {=LN(LN(1/(1-((D15-0.3)/(12+0.4)))))} -> -1.4041708 | F15: {=LN(C15)} -> 1.7917595
B16: Week4 | C16: 7 | D16: {=RANK(C16,C$9:C$20,1)} -> 5 | E16: {=LN(LN(1/(1-((D16-0.3)/(12+0.4)))))} -> -0.74133762 | F16: {=LN(C16)} -> 1.9459101
A17: M3 | B17: Week1 | C17: 8 | D17: {=RANK(C17,C$9:C$20,1)} -> 7 | E17: {=LN(LN(1/(1-((D17-0.3)/(12+0.4)))))} -> -0.25201858 | F17: {=LN(C17)} -> 2.0794415
B18: Week2 | C18: 3 | D18: {=RANK(C18,C$9:C$20,1)} -> 1 | E18: {=LN(LN(1/(1-((D18-0.3)/(12+0.4)))))} -> -2.8454583 | F18: {=LN(C18)} -> 1.0986123
B19: Week3 | C19: 7 | D19: {=RANK(C19,C$9:C$20,1)} -> 5 | E19: {=LN(LN(1/(1-((D19-0.3)/(12+0.4)))))} -> -0.74133762 | F19: {=LN(C19)} -> 1.9459101
B20: Week4 | C20: 11 | D20: {=RANK(C20,C$9:C$20,1)} -> 10 | E20: {=LN(LN(1/(1-((D20-0.3)/(12+0.4)))))} -> 0.42163021 | F20: {=LN(C20)} -> 2.3978953
B21: EXPECTED | C21: {=C23} -> 10.98698
B23: Expected Number of occurances using Weibull | C23: {=EXP(((LN(-LN(1-80%)))/(J9))+(LN(J10)))} -> 10.98698
B24: Expected Number of occurances using Exponential | C24: {=LN(1-75%)/(-1/M11)} -> 10.512732
B26: Standard Deviation | C26: {=STDEVP(C9:C20)} -> 2.5317429
B27: Action Limit (99%) | C27: {=C23+(NORMSDIST(0.99)*(C26/SQRT(12)))} -> 11.6001
B28: Normal Limit (99%) | C28: {=C23-(NORMSDIST(0.99)*(C26/SQRT(12)))} -> 10.373859

Sheet Risk Assesment(Excavation)
E1: Severity Of Risk
C2: Key elements | D2: Risk | E2: 1 | F2: 2 | G2: 3 | H2: 4 | I2: 5 | J2: Number of occuraneces | K2: Likelihood
A3: M1 | B3: Week 1 | C3: Excavation & Earthworks | D3: Collapse of excavation sides | J3: 12 | K3: {=J3/J$15} -> 0.11214953
B4: Week 2 | J4: 8 | K4: {=J4/J$15} -> 0.074766355
B5: Week 3 | J5: 9 | K5: {=J5/J$15} -> 0.08411215
B6: Week 4 | J6: 7 | K6: {=J6/J$15} -> 0.065420561
A7: M2 | B7: Week 1 | J7: 6 | K7: {=J7/J$15} -> 0.056074766
B8: Week 2 | J8: 12 | K8: {=J8/J$15} -> 0.11214953
B9: Week 3 | J9: 16 | K9: {=J9/J$15} -> 0.14953271
B10: Week 4 | J10: 7 | K10: {=J10/J$15} -> 0.065420561
A11: M3 | B11: Week 1 | J11: 8 | K11: {=J11/J$15} -> 0.074766355
B12: Week 2 | J12: 3 | K12: {=J12/J$15} -> 0.028037383
B13: Week 3 | J13: 3 | K13: {=J13/J$15} -> 0.028037383
B14: Week 4 | J14: 16 | K14: {=J14/J$15} -> 0.14953271
J15: {=SUM(J3:J14)} -> 107 | K15: {=AVEDEV(K3:K14)} -> 0.031801661

Sheet Weibull(Excavation)
C7: X | D7: Step1 | E7: Step2 | F7: Step3
B8: Weeks | C8: Number of occurances | D8: Rank | E8: X-axis | F8: Y-axis | I8: Excel Weibull function
A9: M1 | B9: Week1 | C9: 12 | D9: {=RANK(C9,C$9:C$20,1)} -> 9 | E9: {=LN(LN(1/(1-((D9-0.3)/(12+0.4)))))} -> 0.19009431 | F9: {=LN(C9)} -> 2.4849066 | I9: Weibull Slope α | J9: {=1/SLOPE(F9:F20,E9:E20)} -> 2.2010427 | K9: Step4 | N9: Exponential
B10: Week2 | C10: 8 | D10: {=RANK(C10,C$9:C$20,1)} -> 6 | E10: {=LN(LN(1/(1-((D10-0.3)/(12+0.4)))))} -> -0.48517583 | F10: {=LN(C10)} -> 2.0794415 | I10: β | J10: {=EXP(INTERCEPT(F9:F20,E9:E20))} -> 10.819343 | K10: Step5 | M10: Mean (average) | N10: EXPONDIST()
B11: Week3 | C11: 9 | D11: {=RANK(C11,C$9:C$20,1)} -> 8 | E11: {=LN(LN(1/(1-((D11-0.3)/(12+0.4)))))} -> -0.03032111 | F11: {=LN(C11)} -> 2.1972246 | I11: Weibull, CDF | J11: 0.90613666 | K11: Step6 | M11: {=AVERAGE(C9:C20)} -> 8.9166667 | N11: {=EXPONDIST(C20,1/M11,1)} -> 0.8337716
B12: Week4 | C12: 7 | D12: {=RANK(C12,C$9:C$20,1)} -> 4 | E12: {=LN(LN(1/(1-((D12-0.3)/(12+0.4)))))} -> -1.037404 | F12: {=LN(C12)} -> 1.9459101
A13: M2 | B13: Week1 | C13: 6 | D13: {=RANK(C13,C$9:C$20,1)} -> 3 | E13: {=LN(LN(1/(1-((D13-0.3)/(12+0.4)))))} -> -1.4041708 | F13: {=LN(C13)} -> 1.7917595
B14: Week2 | C14: 12 | D14: {=RANK(C14,C$9:C$20,1)} -> 9 | E14: {=LN(LN(1/(1-((D14-0.3)/(12+0.4)))))} -> 0.19009431 | F14: {=LN(C14)} -> 2.4849066 | I14: Weibull (CDF) defines the cumulative percentage of price that will occur at time t
B15: Week3 | C15: 16 | D15: {=RANK(C15,C$9:C$20,1)} -> 11 | E15: {=LN(LN(1/(1-((D15-0.3)/(12+0.4)))))} -> 0.6866603 | F15: {=LN(C15)} -> 2.7725887
B16: Week4 | C16: 7 | D16: {=RANK(C16,C$9:C$20,1)} -> 4 | E16: {=LN(LN(1/(1-((D16-0.3)/(12+0.4)))))} -> -1.037404 | F16: {=LN(C16)} -> 1.9459101
A17: M3 | B17: Week1 | C17: 8 | D17: {=RANK(C17,C$9:C$20,1)} -> 6 | E17: {=LN(LN(1/(1-((D17-0.3)/(12+0.4)))))} -> -0.48517583 | F17: {=LN(C17)} -> 2.0794415
B18: Week2 | C18: 3 | D18: {=RANK(C18,C$9:C$20,1)} -> 1 | E18: {=LN(LN(1/(1-((D18-0.3)/(12+0.4)))))} -> -2.8454583 | F18: {=LN(C18)} -> 1.0986123
B19: Week3 | C19: 3 | D19: {=RANK(C19,C$9:C$20,1)} -> 1 | E19: {=LN(LN(1/(1-((D19-0.3)/(12+0.4)))))} -> -2.8454583 | F19: {=LN(C19)} -> 1.0986123
B20: Week4 | C20: 16 | D20: {=RANK(C20,C$9:C$20,1)} -> 11 | E20: {=LN(LN(1/(1-((D20-0.3)/(12+0.4)))))} -> 0.6866603 | F20: {=LN(C20)} -> 2.7725887
B21: EXPECTED | C21: {=C23} -> 15.803977
B23: Expected Number of occurances using Weibull | C23: {=EXP(((LN(-LN(1-90%)))/(J9))+(LN(J10)))} -> 15.803977
B24: Expected Number of occurances using Exponential | C24: {=LN(1-75%)/(-1/M11)} -> 12.361125
B26: Standard Deviation | C26: {=STDEVP(C9:C20)} -> 4.1524758
B27: Action Limit (99%) | C27: {=C23+(NORMSDIST(0.99)*(C26/SQRT(12)))} -> 16.809595
B28: Normal Limit (99%) | C28: {=C23-(NORMSDIST(0.99)*(C26/SQRT(12)))} -> 14.798358

Sheet Risk Assesment(Concrete Works)
E1: Severity Of Risk
C2: Key elements | D2: Risk | E2: 1 | F2: 2 | G2: 3 | H2: 4 | I2: 5 | J2: Number of occuraneces | K2: Likelihood
A3: M1 | B3: Week 1 | C3: Concrete Works | D3: Poor concrete quality | J3: 6 | K3: {=J3/J$15} -> 0.072289157
B4: Week 2 | J4: 9 | K4: {=J4/J$15} -> 0.10843373
B5: Week 3 | J5: 7 | K5: {=J5/J$15} -> 0.084337349
B6: Week 4 | J6: 4 | K6: {=J6/J$15} -> 0.048192771
A7: M2 | B7: Week 1 | J7: 7 | K7: {=J7/J$15} -> 0.084337349
B8: Week 2 | J8: 5 | K8: {=J8/J$15} -> 0.060240964
B9: Week 3 | J9: 12 | K9: {=J9/J$15} -> 0.14457831
B10: Week 4 | J10: 10 | K10: {=J10/J$15} -> 0.12048193
A11: M3 | B11: Week 1 | J11: 9 | K11: {=J11/J$15} -> 0.10843373
B12: Week 2 | J12: 7 | K12: {=J12/J$15} -> 0.084337349
B13: Week 3 | J13: 3 | K13: {=J13/J$15} -> 0.036144578
B14: Week 4 | J14: 4 | K14: {=J14/J$15} -> 0.048192771
J15: {=SUM(J3:J14)} -> 83 | K15: {=AVEDEV(K3:K14)} -> 0.025267738

Sheet Weibull(Concrete works)
C7: X | D7: Step1 | E7: Step2 | F7: Step3
B8: Weeks | C8: Number of occurances | D8: Rank | E8: X-axis | F8: Y-axis | I8: Excel Weibull function
A9: M1 | B9: Week1 | C9: 6 | D9: {=RANK(C9,C$9:C$20,1)} -> 5 | E9: {=LN(LN(1/(1-((D9-0.3)/(12+0.4)))))} -> -0.74133762 | F9: {=LN(C9)} -> 1.7917595 | I9: Weibull Slope α | J9: {=1/SLOPE(F9:F20,E9:E20)} -> 2.7416846 | K9: Step4 | N9: Exponential
B10: Week2 | C10: 9 | D10: {=RANK(C10,C$9:C$20,1)} -> 9 | E10: {=LN(LN(1/(1-((D10-0.3)/(12+0.4)))))} -> 0.19009431 | F10: {=LN(C10)} -> 2.1972246 | I10: β | J10: {=EXP(INTERCEPT(F9:F20,E9:E20))} -> 8.1198645 | K10: Step5 | M10: Mean (average) | N10: EXPONDIST()
B11: Week3 | C11: 7 | D11: {=RANK(C11,C$9:C$20,1)} -> 6 | E11: {=LN(LN(1/(1-((D11-0.3)/(12+0.4)))))} -> -0.48517583 | F11: {=LN(C11)} -> 1.9459101 | I11: Weibull, CDF | J11: 0.48610038 | K11: Step6 | M11: {=AVERAGE(C9:C20)} -> 6.9166667 | N11: {=EXPONDIST(C11,1/M11,1)} -> 0.63652625
B12: Week4 | C12: 4 | D12: {=RANK(C12,C$9:C$20,1)} -> 2 | E12: {=LN(LN(1/(1-((D12-0.3)/(12+0.4)))))} -> -1.9142476 | F12: {=LN(C12)} -> 1.3862944
A13: M2 | B13: Week1 | C13: 7 | D13: {=RANK(C13,C$9:C$20,1)} -> 6 | E13: {=LN(LN(1/(1-((D13-0.3)/(12+0.4)))))} -> -0.48517583 | F13: {=LN(C13)} -> 1.9459101
B14: Week2 | C14: 5 | D14: {=RANK(C14,C$9:C$20,1)} -> 4 | E14: {=LN(LN(1/(1-((D14-0.3)/(12+0.4)))))} -> -1.037404 | F14: {=LN(C14)} -> 1.6094379 | I14: Weibull (CDF) defines the cumulative percentage of price that will occur at time t
B15: Week3 | C15: 12 | D15: {=RANK(C15,C$9:C$20,1)} -> 12 | E15: {=LN(LN(1/(1-((D15-0.3)/(12+0.4)))))} -> 1.055834 | F15: {=LN(C15)} -> 2.4849066
B16: Week4 | C16: 10 | D16: {=RANK(C16,C$9:C$20,1)} -> 11 | E16: {=LN(LN(1/(1-((D16-0.3)/(12+0.4)))))} -> 0.6866603 | F16: {=LN(C16)} -> 2.3025851
A17: M3 | B17: Week1 | C17: 9 | D17: {=RANK(C17,C$9:C$20,1)} -> 9 | E17: {=LN(LN(1/(1-((D17-0.3)/(12+0.4)))))} -> 0.19009431 | F17: {=LN(C17)} -> 2.1972246
B18: Week2 | C18: 7 | D18: {=RANK(C18,C$9:C$20,1)} -> 6 | E18: {=LN(LN(1/(1-((D18-0.3)/(12+0.4)))))} -> -0.48517583 | F18: {=LN(C18)} -> 1.9459101
B19: Week3 | C19: 3 | D19: {=RANK(C19,C$9:C$20,1)} -> 1 | E19: {=LN(LN(1/(1-((D19-0.3)/(12+0.4)))))} -> -2.8454583 | F19: {=LN(C19)} -> 1.0986123
B20: Week4 | C20: 4 | D20: {=RANK(C20,C$9:C$20,1)} -> 2 | E20: {=LN(LN(1/(1-((D20-0.3)/(12+0.4)))))} -> -1.9142476 | F20: {=LN(C20)} -> 1.3862944
B21: EXPECTED | C21: {=C23} -> 7.0291078
B23: Expected Number of occurances using Weibull | C23: {=EXP(((LN(-LN(1-49%)))/(J9))+(LN(J10)))} -> 7.0291078
B24: Expected Number of occurances using Exponential | C24: {=LN(1-75%)/(-1/M11)} -> 9.588536
B26: Standard Deviation | C26: {=STDEVP(C9:C20)} -> 2.5967394
B27: Action Limit (99%) | C27: {=C23+(NORMSDIST(0.99)*(C26/SQRT(12)))} -> 7.6579688
B28: Normal Limit (99%) | C28: {=C23-(NORMSDIST(0.99)*(C26/SQRT(12)))} -> 6.4002468

Sheet Risk score
B2: Identified Risk | C2: Probability (p) | D2: Likelihood (L) | E2: Risk Score (P * L) | F2: Rank
B3: Risk (Planning & schedule) | C3: {='Weibull(Planning & Schedule)'!J11} -> 0.83813814 | D3: {='Risk Assesment(Planning&schedu)'!K15} -> 0.033783784 | E3: {=C3*D3} -> 0.028315478 | F3: {=RANK(E3,$E$3:$E$7,1)} -> 3
B4: Risk ( Cost Control) | C4: {='Weibull(Cost Control)'!J11} -> 0.8010018 | D4: {='Risk Assesment(Cost Control)'!K15} -> 0.022893773 | E4: {=C4*D4} -> 0.018337953 | F4: {=RANK(E4,$E$3:$E$7,1)} -> 2
B5: Risk (Excavation) | C5: {='Weibull(Excavation)'!J11} -> 0.90613666 | D5: {='Risk Assesment(Excavation)'!K15} -> 0.031801661 | E5: {=C5*D5} -> 0.028816651 | F5: {=RANK(E5,$E$3:$E$7,1)} -> 4
B6: Risk (Concrete works) | C6: {='Weibull(Concrete works)'!J11} -> 0.48610038 | D6: {='Risk Assesment(Concrete Works)'!K15} -> 0.025267738 | E6: {=C6*D6} -> 0.012282657 | F6: {=RANK(E6,$E$3:$E$7,1)} -> 1
